name,organization,homepage,logo,twitter,crunchbase_url,funding,member,relation,tag,license,headquarters,description,crunchbase_description,crunchbase_homepage,crunchbase_city,crunchbase_region,crunchbase_country,crunchbase_twitter,crunchbase_linkedin,crunchbase_ticker,crunchbase_kind,crunchbase_min_employees,crunchbase_max_employees,category,subcategory,oss,github_repo,github_stars,github_description,github_latest_commit_date,github_latest_commit_link,github_latest_release_date,github_latest_release_link,github_start_commit_date,github_start_commit_link,github_contributors_count,github_contributors_link,accepted,incubation,graduated,dev_stats_url,artwork_url,blog_url,mailing_list_url,slack_url,youtube_url,chat_channel,last_audit_date,last_audit_url
Advanced Encryption Standard,,https://csrc.nist.gov/projects/block-cipher-techniques,logos/ea1f7d95bfc86df67400a503baea0601fd4e5a672f77067915c08d796b31c016.png,,,,,graduated,"schluessel,symmetrisch,verschluesselung",,,AES verschlüsselt Daten symmetrisch. Ver- und Entschlüsselung erfolgt mit dem gleichen Schlüssel. ,,,,,,,,,,,, Betrieb, Sicherheit,true,,,,,,,,,,,,1997-01-02,2000-10-02,2000-10-02,,,,,,,,2025-11-11,https://www.bsi.bund.de/SharedDocs/Downloads/DE/BSI/Publikationen/TechnischeRichtlinien/TR02102/BSI-TR-02102.pdf?__blob=publicationFile
Agent Network Protocol,,https://agent-network-protocol.com/,logos/f851e80651a6f09f22b45ccd169fe3ebbee3a43fc2e83a6179c1825ed06c4583.png,,,,,graduated,"agent,kommunikation,agentische-ki",,,"ANP ermöglicht sichere, dezentralisierte Kommunikation zwischen KI-Agenten über offene Internet-Infrastrukturen. Fungiert als standardisiertes Peer-to-Peer-Protokoll für agentengesteuerte Kollaborationen und etabliert ein ""HTTP für das Agent-Internet-Zeitalter"" durch interoperable Identitätsverwaltung und semantische Datenverknüpfung.",,,,,,,,,,,, Plattform, KI,true,,,,,,,,,,,,2024-10-23,2024-10-24,2025-05-19,,,,,,,,2025-11-11,https://github.com/agent-network-protocol
Agent-to-Agent Protocol,,https://a2aprotocol.ai/,logos/94eb78506809ea76f57f09083f66998b41a5fdb1fba06e996b23e90ebd439011.png,,,,,graduated,"agent,prozess,agentische-ki,automatisierung",,,"A2A ermöglicht KI-Agenten, die auf unterschiedlichen Frameworks verschiedener Unternehmen basieren und auf separaten Servern laufen, effektiv zu kommunizieren und zusammenzuarbeiten. A2A zielt darauf ab, eine gemeinsame Sprache für Agenten bereitzustellen und so ein stärker vernetztes, leistungsfähigeres und innovativeres KI-Ökosystem zu fördern. A2A integriert ACP (Agent Communication Protocol).",,,,,,,,,,,, Plattform, KI,true,,,,,,,,,,,,2025-03-26,2025-06-09,2025-06-30,,,,,,,,2025-11-11,https://github.com/i-am-bee/beeai-platform/blob/main/docs/community-and-support/acp-a2a-migration-guide.mdx
Agent-User Interaction Protocol (AG-UI),,https://ag-ui.com,logos/f25b349d85d5b846a0f4e7e49c0e9ad59d2659855901c4338e088c985eb9503b.png,,,,,sandbox,"agent,agentische-ki,user-interface",,,"AG-UI standardisiert Status, Ziel und Interaktion von KI-Agenten und deren Laufzeit gegenüber den Nutzenden.",,,,,,,,,,,, Plattform, KI,true,,,,,,,,,,,,2025-05-07,,,,,,,,,,2025-11-11,https://github.com/ag-ui-protocol/ag-ui
Android,,https://www.android.com/,logos/86179d131fd1e4ea2eb8c62e57dc62ea60ce64eeb2fd26d1e1aec14b57e0a33c.png,,,,,graduated,"mobil,app,betriebssystem",,,Android ist ein offenes Betriebssystem für die Arbeit auf mobilen Endgeräten. ,,,,,,,,,,,, Zugang, Native Apps,true,,,,,,,,,,,,2008-09-23,2008-09-23,2025-06-10,,,,,,,,2025-11-11,https://source.android.com/docs?hl=de
Angel-ML,,https://angelml.ai,logos/368cb76534a255996c3a7892d13b93af7d06733c72bbb4106553545cfd9a0589.png,,,,,graduated,"machine-learning,verarbeitung,ml",,,"Angel-ML ist eine hochperformante verteilte Machine Learning-Plattform, die auf der Parameter Server-Philosophie basiert und von Tencent entwickelt wurde. Das System ist speziell für Big Data-Szenarien optimiert und bietet eine Full-Stack-Lösung für Feature Engineering, Modelltraining, Parameter-Tuning und Model Serving. Angel unterstützt verschiedene ML-Algorithmen wie statistische Verfahren, neuronale Netze und Graph Computing und ist das erste chinesische Open-Source-Projekt, das von der Linux Foundation AI graduiert wurde.",,,,,,,,,,,, Plattform, KI,true,,,,,,,,,,,,2017-06-15,2017-06-15,2021-08-18,,,,,,,,2025-11-11,https://github.com/Angel-ML/angel/
Angular,,https://angular.dev/,logos/05c03673494d1ae92ddaaa0ab9d0c4e6de9decf5e3d5bc20e8c032fb2edb52b7.png,,,,,graduated,"webframework,user-interface",,,"Angular ist ein Webframework, das Entwicklern die Erstellung schneller und zuverlässiger Anwendungen ermöglicht.",,,,,,,,,,,, Betrieb, Entwicklung,true,,,,,,,,,,,,2014-11-25,2021-02-11,2025-09-17,,,,,,,,2025-11-11,https://angular.dev/overview
Appsmith,,https://www.appsmith.com/,logos/b8194649c4ed39bd0ef22c72eac8f25f1426926f48aeedd21fd111833150c3de.png,,,,,graduated,"rest-graphql,open-source,drag-drop,javascript",,,Appsmith will die Erstellung individueller Admin-Panels und interner Apps mit vorgefertigten Widgets und Datenquellenanbindung beschleunigen.,,,,,,,,,,,, Plattform, LowCode,true,,,,,,,,,,,,2020-06-29,2020-06-29,2025-08-11,,,,,,,,2025-11-11,https://github.com/appsmithorg/appsmith
Axolotl,,https://axolotl.ai/,logos/f4f5fe1ee6a2b003aeee64a4563a767829276e3f5adc4cf3beee647b12ee3e07.png,,,,,graduated,"verarbeitung,training,feintuning",,,Axolotl ist ein Framework zum Feintuning von großen Sprachmodellen. Dafür können optimierte Workflows genutzt werden.,,,,,,,,,,,, Plattform, KI,true,,,,,,,,,,,,2023-05-30,2023-05-30,2025-08-18,,,,,,,,2025-11-11,https://docs.axolotl.ai/
Blink,,https://www.chromium.org/blink/,logos/d619a23cab9cb0d2a6d887716bde949acd3af071523f3f2b7c71369aceec8192.png,,,,,graduated,"webseite,browser-engine,rendern",,,"Blink ist eine Browser-Engine zum Rendern von Webseiten. Es wird insbesondere von Google für Chrome, Microsoft für Edge und Opera genutzt. ",,,,,,,,,,,, Zugang, Browser,true,,,,,,,,,,,,2013-04-03,2013-04-03,2025-10-01,,,,,,,,2025-11-11,https://developer.chrome.com/docs/web-platform/blink?hl=de
Bluetooth,,https://www.bluetooth.com/,logos/31d1c87a4a9a554a4e4453d714701b5f82a7006ec737797f36ccd66ebcea4753.png,,,,,graduated,"kurze-distanz,pairing,koppeln,drahtlos,funk,wpan",,,"Bluetooth ermöglicht eine Ad-hoc oder Punkt-zu-Punkt Funk-Verbindung. Die Verbindung von zwei Geräten erfolgt über die Aktivierung zwischen den Geräte (Koppeln/ Pairing). Bluetooth bietet in der Variante LE ergänzende Funktionen zu Broadcast, Mesh und Geräteposition.",,,,,,,,,,,, Infrastruktur, Anschluss,true,,,,,,,,,,,,1998-09-01,1999-07-01,2025-04-29,,,,,,,,2025-11-11,https://www.bluetooth.com/specifications/specs/
Border Gateway Protocol (BGP),,https://github.com/bgp,logos/8113b974fdfd48ae1568e95aa2ea200dafbbeaea1e519eafe8294d3f85f14433.png,,,,,graduated,"netzwerk,isp,routing",,,"BGP ist ein entscheidendes Routing-Protokoll im Internet, das Netzwerke miteinander verbindet und dafür sorgt, dass Datenpakete ihren optimalen Weg durch verschiedene autonome Systeme finden. BGP ermöglicht es Internetdienstleistern (ISPs) und größeren Netzwerken, Routeninformationen effizient auszutauschen, um die Datenübertragung zu optimieren. Es spielt eine Schlüsselrolle bei der Aufrechterhaltung der Stabilität und Skalierbarkeit der globalen Internetinfrastruktur",,,,,,,,,,,, Infrastruktur, Verteilung,true,,,,,,,,,,,,1989-01-01,1994-01-01,2024-02-12,,,,,,,,2025-11-11,https://fgithub.com/bgp/bgpq4
Budibase,,https://budibase.com/,logos/35a8d30a0d33c31efa3ea82da00a4687b4267d504b616948c22a3f3cc7cf7d42.png,,,,,graduated,"automations,open-source,datenquellen,low-code",,,"Budibase ermöglicht das schnelle Erstellen interner Business-Apps, mit vorgefertigten Komponenten und breiter Datenquellenunterstützung.",,,,,,,,,,,, Plattform, LowCode,true,,,,,,,,,,,,2019-06-06,2019-06-06,2025-09-19,,,,,,,,2025-11-11,https://docs.budibase.com/docs/what-is-budibase
C++,,https://isocpp.org/,logos/d273d125b78c6f0ae94a2a562b03e9073bd7bc5318b5c44e91fe755dd3869af3.png,,,,,graduated,"programmierung,sprache",,,C++ ist eine objektorientierte Programmiersprache für die Entwicklung von Systemsoftware.,,,,,,,,,,,, Betrieb, Entwicklung,true,,,,,,,,,,,,1983-01-01,1985-01-01,2024-10-19,,,,,,,,2025-11-11,https://isocpp.org/std/standing-documents
Cassandra,,https://cassandra.apache.org/,logos/20db70e5925917d705a13873122ac76b08435309ab847046dbbb5c9ff401efef.png,,,,,graduated,"nosql,datenbank,spalten",,,Cassandra ist eine spaltenbasierte NoSQL-Datenbank. ,,,,,,,,,,,, Plattform, Daten,true,,,,,,,,,,,,2008-07-01,2008-07-01,2025-08-05,,,,,,,,2025-11-11,https://cassandra.apache.org/doc/latest/
Chroma,,https://www.trychroma.com/,logos/c9f39800739458fe7b315fcc86d3fc10e925ee7c4c5ff5a415b18f532e80eef6.png,,,,,graduated,"datenbank,vektor",,,Chroma ist eine Vektor-Datenbank.,,,,,,,,,,,, Plattform, Daten,true,,,,,,,,,,,,2022-10-22,2022-10-22,2025-10-05,,,,,,,,2025-11-11,https://docs.trychroma.com/docs/overview/introduction
circleCI,,https://circleci.com/,logos/c258163c041ff3abef3dfe84010890f37b8feb62c74e192c4f6cdf1d8750d477.png,,,,,graduated,"pipeline,cd,bereitstellung,ci",,,"CircleCI ist eine CI/CD-Plattform zur Automatisierung des Softwareentwicklungsprozesses. Für mobile Entwickler bietet CircleCI robuste Umgebungen zum Erstellen, Testen und Bereitstellen von iOS- und Android-Apps.",,,,,,,,,,,, Betrieb, Inbetriebnahme,true,,,,,,,,,,,,2011-01-01,2011-01-01,2025-09-26,,,,,,,,2025-11-11,https://circleci.com/docs/
Comma-Separated Values (CSV),,https://datatracker.ietf.org/doc/html/rfc7111,logos/3bb96419f6c8d7ffd826331c11f7bdff7751d3918ae7df6ee8446f5dfc4034a6.png,,,,,graduated,datenformat,,,CSV ist ein Datenformat für den Datenaustausch.,,,,,,,,,,,, Plattform, Daten,true,,,,,,,,,,,,2005-10-01,2005-10-01,2014-01-01,,,,,,,,2025-11-11,https://datatracker.ietf.org/doc/html/rfc4180
Comprehensive Knowledge Archive Network (CKAN),,https://ckan.org/,logos/23f2f26e905a41cf91375e8c230ad6b9162a766db536e61341eb9151fa1c11fa.png,,,,,graduated,"veroeffentlichung,datenkatalog,open-data,suche,bereitstellung",,,"CKAN ist ein Werkzeug für Open Data Portale zur Katalogisierung, Veröffentlichung, Suche und Bereitstellung von Daten. ",,,,,,,,,,,, Plattform, Daten,true,,,,,,,,,,,,2007-06-17,2007-06-17,2025-05-07,,,,,,,,2025-11-11,https://github.com/ckan/ckan
Contour,,https://projectcontour.io/,logos/6941a28a18e158b27bc2e5898819bbd046865bfcb35a09d6d2e18d6e3a36d49f.png,,,,,graduated,"controller,orchestrierung,ingress",,,"Contour ist ein Open-Source Ingress Controller für Kubernetes, der den Envoy Proxy und Lastenausgleich nutzt. Er fungiert als Steuerungsebene (Control Plane) für Envoy und ermöglicht dynamische Konfigurationsaktualisierungen sowie die Delegation von Ingress-Funktionen. Contour ist leichtgewichtig und bietet Funktionen wie TLS-Terminierung, HTTP zu HTTPS-Weiterleitung und verschiedene Lastausgleichsoptionen. ",,,,,,,,,,,, Plattform, Integration,true,,,,,,,,,,,,2017-11-22,2017-11-22,2025-09-09,,,,,,,,2025-11-11,https://github.com/projectcontour/contour
CouchDB,,https://couchdb.apache.org/,logos/05b44aca484e8cba0968cfc75dd7e5841fab9b82f70bc1eccd6176a0d1a53779.png,,,,,graduated,"nosql,datenbank,dokumentenbasiert",,,CouchDB ist eine dokumentenorientierte NoSQL-Datenbank.,,,,,,,,,,,, Plattform, Daten,true,,,,,,,,,,,,2005-04-01,2005-04-01,2025-05-06,,,,,,,,2025-11-11,https://docs.couchdb.org/en/stable/
CSS,,https://www.w3.org/Style/CSS/,logos/79883b62e1ce6e2694e326045d0db38260d5797ec04e27a154917a1c7f223754.png,,,,,graduated,"stil,user-interface",,,"Cascading Style Sheets (CSS) ist eine Kernsprache der offenen Webplattform und wird zum Hinzufügen von Stilen (z. B. Schriftarten, Farben, Abstände) zu Webdokumenten verwendet.",,,,,,,,,,,, Betrieb, Entwicklung,true,,,,,,,,,,,,1994-10-10,1994-10-10,2025-09-18,,,,,,,,2025-11-11,https://www.w3.org/Style/CSS/
Data Catalog Vocabulary (DCAT),,https://www.w3.org/TR/vocab-dcat-3/,logos/6fb753239ff6b000653cd2026421bc71b84b2ff7d0ba1c5534ae44f70fd4a65a.png,,,,,graduated,"datenkatalog,open-data",,,DCAT dient der Beschreibung von Daten in Datenkatalogen.,,,,,,,,,,,, Plattform, Daten,true,,,,,,,,,,,,2012-04-05,2012-04-05,2024-08-22,,,,,,,,2025-11-11,https://github.com/SEMICeu/DCAT-AP
Docker Swarm,,https://www.docker.com/,logos/1019704913e6e818bf43fa450dc6232d1d7b451c0bb3b40c4a88c148d3cc6c61.png,,,,,graduated,"orchestrierung,container",,,"Docker Swarm ist ein in die Docker-Engine integriertes Orchestrierungswerkzeug mit dem mehrere Docker-Hosts gebündelt werden können. Derart kann ein Cluster definiert werden. Es automatisiert das Deployment, die Skalierung und die Verwaltung von Containern und bietet eine einfache Benutzeroberfläche und integrierte Funktionen wie Service Discovery, Lastenausgleich und hohe Verfügbarkeit. ",,,,,,,,,,,, Plattform, Integration,true,,,,,,,,,,,,2016-03-18,2016-03-18,2025-09-10,,,,,,,,2025-11-11,https://docs.docker.com/engine/swarm/
Domain Name System (DNS),,https://datatracker.ietf.org/wg/dns/,logos/fab01fa865acc89a0bd07cf51768f0a5e72e0fd2ae2c67b52c6cb8908596c88a.png,,,,,graduated,"adresse,netzwerk",,,"Das DNS ist ein hierarchisches, dezentrales Namensauflösungssystem, das menschenlesbare Domainnamen in IP-Adressen übersetzt. DNS ist fundamental für das Funktionieren des modernen Internets und ermöglicht die Navigation zwischen verschiedenen Online-Diensten.",,,,,,,,,,,, Infrastruktur, Verteilung,true,,,,,,,,,,,,1983-11-01,1983-11-01,2025-03-31,,,,,,,,2025-11-11,https://tools.ietf.org/html/rfc7858
Dynamic Host Configuration Protocol (DHCP),,https://datatracker.ietf.org/wg/dhc/about/,logos/e14790709b2b9424faf464e327769587e3b870830e820b5ae72b66202246bf71.png,,,,,graduated,"adresse,netzwerk",,,DHCP ermöglicht automatische Netzwerkkonfiguration durch dynamische Zuweisung von IP-Adressen und Netzwerkparametern an verbundene Geräte. Fungiert als zentraler Service für Plug-and-Play-Netzwerkkonnektivität und reduziert manuellen Administrationsaufwand in lokalen und Unternehmensnetzwerken.,,,,,,,,,,,, Infrastruktur, Verteilung,true,,,,,,,,,,,,1985-09-01,1993-10-01,2018-11-01,,,,,,,,2025-11-11,https://datatracker.ietf.org/doc/html/rfc8415
Elliptic Curve Integrated Encryption Scheme,,https://www.bsi.bund.de/SharedDocs/Downloads/DE/BSI/Publikationen/TechnischeRichtlinien/TR02102/BSI-TR-02102.pdf?__blob=publicationFile,logos/2864352165c46db240eb1d5346ae47817bf18f8957dc250b4d95b47e1de11c3b.png,,,,,graduated,"schluessel,hybrid,verschluesselung",,,ECIES ist ein hybrides Verschlüsselungsverfahren unter Kombination von Diffie-Hellman und elliptischen Kurven.,,,,,,,,,,,, Betrieb, Sicherheit,true,,,,,,,,,,,,1998-01-01,2001-01-01,2001-01-01,,,,,,,,,
Emissary Ingress,,https://www.getambassador.io/products/api-gateway,logos/0fba33a527a475fed009b7d11ac9537c92db90c0328e758fa562d51ad0bf07d3.png,,,,,graduated,"api,orchestrierung,gateway",,,"Ingress ist ein Open-Source-API-Gateway und Kubernetes-Ingress-Controller, der auf Envoy Proxy basiert und als zentraler Einstiegspunkt für den Datenverkehr zu Diensten in einem Kubernetes-Cluster fungiert. Er ermöglicht Entwicklern, den Datenverkehr zu ihren Anwendungen selbstständig über Kubernetes Custom Resource Definitions (CRDs) zu verwalten und bietet Funktionen wie Traffic-Management, Authentifizierung, Autorisierung, Rate Limiting und Observability. ",,,,,,,,,,,, Plattform, Integration,true,,,,,,,,,,,,2018-07-18,2018-07-18,2025-07-25,,,,,,,,2025-11-11,https://github.com/emissary-ingress/emissary
Envoy Proxy,,https://www.envoyproxy.io/,logos/00849242bca56ef299785a3f342d2b12d63fa49e49b1b425dbfab848eacc9186.png,,,,,graduated,"proxy,orchestrierung",,,"Envoy Proxy ist ein Open-Source-Proxy für Microservices. Ursprünglich von Lyft entwickelt und jetzt ein Projekt der Cloud Native Computing Foundation (CNCF) dient Envoy als Edge-Proxy an der Netzwerkschnittstelle oder als Sidecar-Proxy für Anwendungen. Er bietet Funktionen wie Lastausgleich, Service-Discovery, dynamische Konfiguration, Resilienz (z. B. Timeouts, Wiederholungsversuche) und Beobachtbarkeit (Metriken). ",,,,,,,,,,,, Plattform, Integration,true,,,,,,,,,,,,2016-09-12,2016-09-12,2025-09-08,,,,,,,,2025-11-11,https://github.com/envoyproxy/envoy
Ethernet,,https://www.ieee802.org/3/,logos/b7413d6096d3061cc59513240582bdeb01c42e5bb8878cc4149b97279de89079.png,,,,,graduated,"paket,kabelgebunden,rj,lan,frame",,,Mit Ethernet können kabelgebunden in kleiner bis mittlerer Reichweite Endgeräte vernetzt werden. Die IEEE standardisiert die Technologie mit IEEE 802.3 ff. Die Konfiguration erfolgt zumeist automatisch über das Betriebssystem. Wi-Fi dient als Kennzeichen für zertifizierte Produkte zur Sicherstellung von Interoperabilität. ,,,,,,,,,,,, Infrastruktur, Anschluss,true,,,,,,,,,,,,1980-03-13,1983-06-23,2024-03-15,,,,,,,,2025-11-11,https://ieeexplore.ieee.org/browse/standards/get-program/page/series?id=68
Extensible Markup Language (XML),,https://www.w3.org/XML/,logos/eabcf2149781ee22f8660a100cd8fbc7ac2602deedeb68d2d5fd9b702ef7d7fe.png,,,,,graduated,datenformat,,,XML ist ein Datenformat für den Datenaustausch.,,,,,,,,,,,, Plattform, Daten,true,,,,,,,,,,,,1996-06-01,1997-12-08,2006-09-29,,,,,,,,2025-11-11,https://www.w3.org/TR/xml11/
File Transfer Protocol über TLS (FTPS),,https://datatracker.ietf.org/doc/html/rfc4217,logos/8b8bc38dbc3847590ad66d13a5cc04a6a9cd20ceedd20a13ef60bed6e2c00d44.png,,,,,graduated,"datei,datenuebertragung",,,"FTPS dient der über TLS gesicherten Übertragung von Dateien. Es wurde entwickelt, um Dateien zuverlässig zu übertragen, Verzeichnisse zu verwalten (z.B. anlegen, löschen, navigieren) und den Zugriff auf entfernte Dateisysteme zu ermöglichen.",,,,,,,,,,,, Infrastruktur, Transport,true,,,,,,,,,,,,1971-04-16,1972-07-08,2005-10-01,,,,,,,,2025-11-11,https://www.cerberusftp.com/blog/eight-essential-tips-for-securing-an-ftp-or-sftp-server
Flutter,,https://flutter.dev/,logos/8ec3fa4f349b707baaff0744753dfb24a09e48ab56964d0693a2d7d777953365.png,,,,,graduated,user-interface,,,"Flutter ist ein Open-Source-UI-Toolkit zum Erstellen nativ kompilierter Anwendungen für Mobil-, Web-, Desktop- und eingebettete Geräte aus einer einzigen Codebasis.  ",,,,,,,,,,,, Betrieb, Entwicklung,true,,,,,,,,,,,,2017-05-12,2017-05-12,2024-01-10,,,,,,,,2025-11-11,https://docs.flutter.dev/
flux,,https://fluxcd.io/,logos/7ddd84bd3fc8909b0bf05d0db8c19f0452def918a0442d353959cd4777a7febf.png,,,,,graduated,"pipeline,cd,bereitstellung,ci",,,Flux ist ein Werkzeug zur Synchronisation von Ressourcen (u.a. Git Repo) und einem Kubernetes Clusters.,,,,,,,,,,,, Betrieb, Inbetriebnahme,true,,,,,,,,,,,,2020-05-06,2020-05-06,2025-07-08,,,,,,,,2025-11-11,https://fluxcd.io/flux/
Gecko,,https://firefox-source-docs.mozilla.org/overview/gecko.html,logos/93622070fc4e2db7cf9331da78653110c5bd65f57128356007e140773ce10543.png,,,,,graduated,"webseite,browser-engine,rendern",,,Gecko ist eine Browser-Engine zum Rendern von Webseiten. Es wird insbesondere von Mozilla für Firefox genutzt. ,,,,,,,,,,,, Zugang, Browser,true,,,,,,,,,,,,1998-11-01,2002-09-23,2025-10-14,,,,,,,,2025-11-11,https://github.com/mozilla
general-purpose Remote Procedure Calls,,https://grpc.io/,logos/b5a175ce10b22f1447e4ea9e5d3458abe2dd795c33a9de5941baf986ecef6a31.png,,,,,graduated,"rpc,api,schnittstelle",,,"gRPC ist ein leistungsstarkes, quelloffenes Framework, das effiziente Kommunikation zwischen verteilten Diensten ermöglicht. Es nutzt HTTP/2 und Protocol Buffers für schnelle, typsichere Datenübertragung und bietet Funktionen wie bidirektionales Streaming und Authentifizierung. Damit vereinfacht gRPC die Entwicklung von skalierbaren Microservices-Architekturen und verbessert im Vergleich zu REST die Leistung deutlich.",,,,,,,,,,,, Plattform, Integration,true,,,,,,,,,,,,2015-02-26,2015-02-26,2025-09-26,,,,,,,,2025-11-11,https://grpc.io/docs/
GitHub Actions,,https://github.com/actions,logos/e78e1b1907fd1c119d4a1bd5ec25f89ec82349d8feebf85d5d7ba44cbfbe26f8.png,,,,,graduated,"pipeline,cd,bereitstellung,ci",,,GitHub Actions können Entwicklungsprozesse automatisieren und anpassen (CI/CD).,,,,,,,,,,,, Betrieb, Inbetriebnahme,true,,,,,,,,,,,,2019-09-05,2019-09-05,2024-12-04,,,,,,,,2025-11-11,https://docs.github.com/en/actions
GitLab,,https://about.gitlab.com/,logos/615cdd4751ceb263d0d07548bb4b96929644313badfd633bfb886b992181be28.png,,,,,graduated,"pipeline,cd,bereitstellung,ci",,,"GitLab ist eine Plattform für den gesamten DevSecOps-Lebenszyklus. GitLab bietet Funktionen für Versionskontrolle (basierend auf Git), Projektplanung, Continuous Integration/Continuous Deployment (CI/CD), Code-Überprüfung, Sicherheitsscans und Fehlerverfolgung in einer einzigen Umgebung. ",,,,,,,,,,,, Betrieb, Inbetriebnahme,true,,,,,,,,,,,,2011-01-01,2011-01-01,2025-09-26,,,,,,,,2025-11-11,https://github.com/gitlabhq/gitlabhq
Glasfaser,,https://www.itu.int/,logos/8553c62f6cfa0c2eb48e1138d935c79ddd5d3c776969e3987eec488009888d33.png,,,,,graduated,"gigabit,kabel",,,Mit Glasfaser können Daten durch dünne Fasern in Lichtgeschwindigkeit übertragen werden. Im Kern werden Glasfaser für die Backbones genutzt aber zunehmend bis zum Endanschluss ausgebaut. ,,,,,,,,,,,, Infrastruktur, Anschluss,true,,,,,,,,,,,,1984-10-19,1984-10-19,2024-08-29,,,,,,,,2025-11-11,https://www.itu.int/itu-t/recommendations/index.aspx?ser=G
Go,,https://go.dev/,logos/78d8d07ab99d2297de6120cace438d6bea607c896f7d3bdd1253c8457ca7e5b0.png,,,,,graduated,"programmierung,sprache",,,Go ist eine Programmiersprache für Cloud- und Netzwerkanwendungen. ,,,,,,,,,,,, Betrieb, Entwicklung,true,,,,,,,,,,,,2009-01-01,2012-01-01,2025-10-13,,,,,,,,2025-11-11,https://go.dev/ref/spec
GraphQL,,https://graphql.org/,logos/16f47928b4c83e8eba68c89843fc190eb23b4ffd991aa0bca5086f47ee385964.png,,,,,graduated,"abfrage,daten,schnittstelle",,,"Ein Abfragesprache und Laufzeitumgebung, die es Clients ermöglicht, genau die Daten abzufragen, die sie benötigen. Sie bietet eine effiziente und flexible Alternative zu traditionellen APIs, indem sie es Clients ermöglicht, nur die exakt benötigten Daten mit einem einzigen Aufruf abzurufen. Ein zentrales Element ist das GraphQL-Schema, das die Datenstrukturen definiert, und der Client sendet eine Abfrage (Query), die durch das Schema validiert und von einem Resolver auf dem Server ausgeführt wird. ",,,,,,,,,,,, Plattform, Integration,true,,,,,,,,,,,,2012-01-01,2015-10-02,2025-09-04,,,,,,,,2025-11-11,https://spec.graphql.org/
Haystack,,https://haystack.deepset.ai/,logos/ee0c160c914ce32635f3f9738f06bbc399e9ffb98c1fba31869dffc8b8d1c564.png,,,,,graduated,"orchestrierung,rag,verarbeitung,pipeline",,,"Haystack ist Framework für die Entwicklung von KI-Anwendungen. Das Framework ermöglicht es Entwicklern, produktionsreife Systeme für Aufgaben wie Retrieval-Augmented Generation (RAG), Dokumentensuche und Frage-Antwort-Systeme zu erstellen. ",,,,,,,,,,,, Plattform, KI,true,,,,,,,,,,,,2019-11-28,2019-11-28,2025-09-22,,,,,,,,2025-11-11,https://docs.haystack.deepset.ai/docs/intro
HBase,,https://hbase.apache.org/,logos/3167a07ca385dc19bf523670cbf724667ca1ae40b333644c29196bcc27192a46.png,,,,,graduated,"nosql,datenbank,spalten",,,HBase ist eine spaltenorientierte NoSQL Datenbank. HBase ist Teil des Apache Hadoop-Ökosystems und basiert auf dem Bigtable-Modell. ,,,,,,,,,,,, Plattform, Daten,true,,,,,,,,,,,,2007-01-01,2008-03-28,2025-07-15,,,,,,,,2025-11-11,https://hbase.apache.org/book.html
HuggingFace Transformers,,https://huggingface.co/docs/transformers/index,logos/984b09a4e4537b7016105c5fe1ec4fc384c36a1a5f07b1fc6cb70dfcd06964be.png,,,,,graduated,"deep-learning,dl,transformer,verarbeitung",,,"HuggingFace Transformers ist eine Open-Source-Bibliothek für state-of-the-art Machine Learning Modelle in Text-, Vision-, Audio- und multimodalen Anwendungen. Die Bibliothek fungiert als zentrales Model-Definition-Framework, das nahtlose Kompatibilität zwischen verschiedenen Deep Learning Frameworks wie PyTorch, TensorFlow und JAX bietet. Transformers demokratisiert den Zugang zu über 1 Million vortrainierten Modellen auf dem Hugging Face Hub und ermöglicht sowohl Inferenz als auch Training mit einer einheitlichen API.",,,,,,,,,,,, Plattform, KI,true,,,,,,,,,,,,2018-11-17,2018-11-17,2025-09-17,,,,,,,,2025-11-11,https://github.com/huggingface/transformers
Hypertext Transfer Protocol (HTTP),,https://datatracker.ietf.org/wg/httpbis/documents/,logos/611201c80cd0c9f6b1dc57035a6983f9bed5ceaef0460427cfa7776e82a52035.png,,,,,graduated,"multiplexing,datenuebertragung,webseiten,internet",,,"HTTP wird verwendet um Ressoucen wie Webseiten, APIs, Formulare, Bilder oder Videos abzurufen und zu senden.",,,,,,,,,,,, Infrastruktur, Transport,true,,,,,,,,,,,,1989-03-01,1991-08-01,2022-06-01,,,,,,,,2025-11-11,https://datatracker.ietf.org/doc/html/rfc9114
Internal Gateway Protocols (IGP),,https://datatracker.ietf.org/wg/,logos/e0937879a6b5ad450ba20172c3041a59ab37b2d98a1e91b1aeaaad3a962edf4b.png,,,,,graduated,"netzwerk,internet",,,"IGP sind Routing-Protokolle, die für die automatische Weiterleitung von Datenpaketen innerhalb eines autonomen Systems verwendet werden. Sie ermöglichen es Routern, dynamisch die besten Pfade zu Zielnetzwerken zu ermitteln und sich automatisch an Netzwerkänderungen anzupassen. IGPs sind essentiell für die Funktionsfähigkeit moderner IP-Netzwerke in Unternehmen und Service-Provider-Umgebungen.",,,,,,,,,,,, Infrastruktur, Verteilung,true,,,,,,,,,,,,1988-10-01,1988-10-01,2023-02-01,,,,,,,,2025-11-11,https://www.rfc-editor.org/rfc/rfc9350.html
Internet Message Access Protocol Secure (IMAPS),,https://datatracker.ietf.org/doc/html/rfc9051,logos/1f4afc32e0b84f6b451588f2487892fbcb9405546cc5fb1b53cd07279f5606c2.png,,,,,graduated,"dateiuebertragung,e-mail",,,IMAPS dient dem sicheren Zugriff auf E-Mails auf Mailservern. Die E-Mails verbleiben dabei auf dem Mailserver.,,,,,,,,,,,, Infrastruktur, Transport,true,,,,,,,,,,,,1988-07-02,1988-07-02,2021-08-01,,,,,,,,,
Internet Protocol Security (IPSec),,https://datatracker.ietf.org/wg/ipsec/about/,logos/112787bc179a95d5d564c4035d271e38d5cd72fe180b85d27c4b1c5d92dc1f29.png,,,,,graduated,"ikev,netzwerk,sicherheit",,,"IPSec ist eine Protokoll-Suite, die Sicherheitsdienste für IP-basierte Netzwerkkommunikation bereitstellt. Es bietet Authentifizierung, Integrität und Vertraulichkeit auf der Netzwerkebene (Layer 3) des OSI-Modells. IPSec wird hauptsächlich für VPN-Verbindungen, sichere Site-to-Site-Kommunikation und End-to-End-Verschlüsselung verwendet.",,,,,,,,,,,, Infrastruktur, Verteilung,true,,,,,,,,,,,,1992-11-25,1995-08-01,2005-12-01,,,,,,,,2025-11-11,https://tools.ietf.org/html/rfc4835
Internet Protocol Version 6 (IPv6),,https://datatracker.ietf.org/doc/html/rfc8200,logos/21b7563f64f3a746941a5f0f290b7ccfe1021f0a9c3a7eb737bc7d5a10daaae0.png,,,,,graduated,"adresse,internet",,,IPv6 dient der Adressierung in der Vermittlung. IP selbst stellt keine Verbindung her.,,,,,,,,,,,, Infrastruktur, Transport,true,,,,,,,,,,,,1995-12-01,1998-12-01,2017-07-01,,,,,,,,,
iOS,,https://www.apple.com/de/os/ios/,logos/60e901cf053f3de76cfd0e1a7f11596f7bab54a90c6bbb5eeadcaef6ba7490b6.png,,,,,graduated,"mobil,app,betriebssystem",,,iOS ist das Betriebssystem für die Arbeit auf mobilen Endgeräten von Apple. ,,,,,,,,,,,, Zugang, Native Apps,true,,,,,,,,,,,,2007-06-29,2007-06-29,2025-09-29,,,,,,,,,
Istio,,https://istio.io/,logos/8d4edce443982d1106e7bf8a7c318d6d50061df4a8f3d8fc23fd7591965ac46d.png,,,,,graduated,"load-balancer,orchestrierung,mesh",,,"Istio ist ein Open-Source Service Mesh zum Management von Microservices in containerisierten Umgebungen. Es erleichtert das Sichern, Verbinden und Überwachen verteilter Anwendungen, indem es Funktionen wie Lastenausgleich, Authentifizierung, Autorisierung, Traffic-Steuerung und detaillierte Einblicke in die Kommunikation zwischen Diensten bereitstellt. ",,,,,,,,,,,, Plattform, Integration,true,,,,,,,,,,,,2017-05-10,2017-05-10,2025-09-03,,,,,,,,2025-11-11,https://github.com/istio/istio
Java,,https://www.oracle.com/java/,logos/955f02853e361d760d410f458b58de598e846c50d2b8feb1414761a4c4694450.png,,,,,graduated,"programmierung,plattformunabhaengig,sprache",,,Java dient der plattformunabhängige Softwareentwicklung . Der Quellcode wird kompiliert und als Ergebnis im Java Runtime Environment ausgeführt. ,,,,,,,,,,,, Betrieb, Entwicklung,true,,,,,,,,,,,,1991-01-01,1996-01-23,2025-09-16,,,,,,,,,
JavaScript (ECMA Script),,https://ecma-international.org/publications-and-standards/standards/ecma-262/,logos/d7a2fee88f5057b0016c7345031dc11990438b85c3621a573514674f969804a3.png,,,,,graduated,"programmierung,sprache",,,JavaScript wird primär für die Entwicklung von dynamischen Webseiten verwendet. ,,,,,,,,,,,, Betrieb, Entwicklung,true,,,,,,,,,,,,1995-09-18,1996-03-01,2025-06-01,,,,,,,,2025-11-11,https://www.iso.org/standard/73002.html
JavaScript Object Notation (JSON),,https://datatracker.ietf.org/doc/html/rfc8259,logos/772d7e60113d7c7c3fdcf90a934414aa19d9301626a1bf006c853ea5d9d00331.png,,,,,graduated,datenformat,,,JSON ist ein Datenformat für den Datenaustausch.,,,,,,,,,,,, Plattform, Daten,true,,,,,,,,,,,,2001-04-01,2006-07-01,2017-12-01,,,,,,,,2025-11-11,https://datatracker.ietf.org/doc/html/rfc4627
Jenkins,,https://www.jenkins.io/,logos/ad42a5ae87c4d44d0fb91fd20e690b9473d5e8461c9b65e8c6127d9ec64a9f68.png,,,,,graduated,"pipeline,cd,bereitstellung,ci",,,"Jenkins ist ein Open-Source-Automatisierungsserver, der für die kontinuierliche Integration (CI) und kontinuierliche Bereitstellung (CD) von Software verwendet wird.",,,,,,,,,,,, Betrieb, Inbetriebnahme,true,,,,,,,,,,,,2011-01-01,2019-07-21,2025-09-23,,,,,,,,2025-11-11,https://github.com/jenkinsci/jenkins
Joget,,https://www.joget.org/,logos/1e737a952dc5c6640b4194e76e59c6e6ea5263ccf331f98b574bdfd56d6e854f.png,,,,,graduated,"plugins,no-code-low-code,ai,workflow,java",,,"Joget beschleunigt die Entwicklung und Automatisierung von Enterprise-Anwendungen mit visuellem Builder, Governance-Funktionen und neuen AI-Fähigkeiten in DX 9.",,,,,,,,,,,, Plattform, LowCode,true,,,,,,,,,,,,2011-01-01,2011-01-01,2025-09-09,,,,,,,,2025-11-11,https://joget.com/joget-earns-govstack-software-requirements-compliance-helping-governments-fast-track-digital-transformation/
JSON Web Tokens (JWT),,https://datatracker.ietf.org/doc/html/rfc7519,logos/4fbe038b25e4711e828d29229f2e5a06f44212da7d3d009be2c8b962f1faaf9b.png,,,,,graduated,"authentifizierungm-autorisierung,token,json",,,"Ermöglicht sichere Übertragung von strukturierten Informationen zwischen Parteien als selbstverifizierende JSON-Objekte. Fungiert als kompakter, URL-sicherer Token-Standard für Authentifizierung, Autorisierung und sichere Datenübertragung ohne zentrale Session-Speicherung.",,,,,,,,,,,, Infrastruktur, Transport,true,,,,,,,,,,,,2010-01-01,2012-05-01,2015-05-01,,,,,,,,2025-11-11,https://datatracker.ietf.org/doc/html/rfc8725
Kerberos,,https://datatracker.ietf.org/doc/html/rfc4120,logos/869ba582387efe083c633d3d80a12f6ac333cd4d2d9bf43dd3eb20c6393325f4.png,,,,,graduated,"authentifizierung,token,zugriff,autorisierung",,,Ermöglicht sichere Netzwerk-Authentifizierung durch ein Ticket-basiertes System ohne Übertragung von Passwörtern über das Netzwerk. Fungiert als vertrauenswürdiger Drittanbieter (Key Distribution Center) für Single Sign-On in Enterprise-Umgebungen und stellt mutual Authentication zwischen Clients und Services sicher.,,,,,,,,,,,, Betrieb, Sicherheit,true,,,,,,,,,,,,1989-01-24,1989-01-24,2005-07-01,,,,,,,,2025-11-11,https://web.mit.edu/kerberos/
Kong,,https://konghq.com/,logos/0793165090b5056fde53439ba2b5904acce4d983d942fe81e18460a889e319ac.png,,,,,graduated,"gateway,orchestrierung,schnittstelle",,,"Kong ist eine API-Management-Plattform für Microservices und Zugriffe auf Backend-Services. Es fungiert als Middleware. Kong ist eine Open-Source-Lösung, die auf NGINX basiert und für ihre Skalierbarkeit und Sicherheit bekannt ist. ",,,,,,,,,,,, Plattform, Integration,true,,,,,,,,,,,,2015-06-05,2015-06-05,2025-06-04,,,,,,,,2025-11-11,https://github.com/Kong/kong
Kubernetes,,https://kubernetes.io,logos/cac21696cfdb6ee4a0b97ab3d0c1bc1a6ce9dc0e3389a45b6b5ffb720d667890.png,,,,,graduated,"orchestrierung,container",,,"Kubernetes ist eine Open-Source-Plattform zur Automatisierung der Bereitstellung, Skalierung und Verwaltung containerisierter Anwendungen. Das System orchestriert Container-Workloads über Cluster von Maschinen hinweg und bietet dabei umfangreiche APIs für Netzwerk-, Speicher- und Runtime-Integrationen. Kubernetes ist zum de-facto Standard für Container-Orchestrierung geworden und bildet das Fundament moderner Cloud-Native-Architekturen.",,,,,,,,,,,, Plattform, Integration,true,,,,,,,,,,,,2014-10-15,2014-10-15,2025-09-10,,,,,,,,2025-11-11,https://kubernetes.io/docs/home/
LangGraph,,https://www.langchain.com/langgraph,logos/187304c9cc751996412a38051e565018e6dde23d78b0af5c4be6b39209713e24.png,,,,,graduated,"ki,agent",,,"LangGraph ist ein low-level Orchestrierungs-Framework für den Aufbau, die Verwaltung und das Deployment von langlebigen, zustandsbehafteten AI-Agenten und Multi-Agent-Workflows. Das Framework nutzt eine graph-basierte Architektur zur Modellierung komplexer Agent-Interaktionen, wobei Knoten (Nodes) die Agent-Logik enthalten und Kanten (Edges) den Kontrollfluss zwischen ihnen definieren. LangGraph ermöglicht sowohl vordefinierte Workflows als auch dynamische Agenten-Systeme mit Human-in-the-Loop-Funktionalitäten.",,,,,,,,,,,, Plattform, KI,true,,,,,,,,,,,,2023-08-09,2024-06-19,2025-09-07,,,,,,,,2025-11-11,https://langchain-ai.github.io/langgraphjs/tutorials/quickstart/
MariaDB,,https://mariadb.org/,logos/f91da27840d04f3c6edeacea21ced3de972926c71ff3c47893fc2e08793c3f0b.png,,,,,graduated,"datenbank,sql,relational",,,MariaDB ist ein relationales Datenbankmanagementsystem für die Organisation von strukturierten Daten in Tabellen. ,,,,,,,,,,,, Plattform, Daten,true,,,,,,,,,,,,2009-10-29,2009-10-29,2025-08-07,,,,,,,,2025-11-11,https://mariadb.org/documentation/
Markdown (MD),,https://datatracker.ietf.org/doc/html/rfc7763,logos/9337bc614dcd0a676ced7cd0920a1018383d8cf9aa42a3d9e72e840ea541ca13.png,,,,,graduated,datenformat,,,MD ist ein Datenformat für den Datenaustausch. ,,,,,,,,,,,, Plattform, Daten,true,,,,,,,,,,,,2004-03-19,2004-03-19,2016-03-01,,,,,,,,2025-11-11,https://daringfireball.net/projects/markdown/
Media Access Control (MAC),,https://datatracker.ietf.org/doc/rfc9724/,logos/72783e60cc7c2a13d10f9641b0fd71c418a0da3ed4cc7a2b8b2776cd0e3bdc0f.png,,,,,graduated,"identifier,uuid,adresse,guid,oui",,,"MAC ist eine Unterschicht der Sicherungsschicht (Layer 2) im OSI-Modell, die den Zugriff auf das Übertragungsmedium in Netzwerken regelt. MAC-Protokolle koordinieren, wie mehrere Geräte gemeinsam auf ein geteiltes Kommunikationsmedium zugreifen können, ohne sich gegenseitig zu stören. Jedes Netzwerkgerät erhält eine eindeutige MAC-Adresse zur Identifikation im lokalen Netzwerksegment.",,,,,,,,,,,, Infrastruktur, Verteilung,true,,,,,,,,,,,,1980-03-13,1982-11-01,2025-03-17,,,,,,,,2025-11-11,https://tools.ietf.org/rfc/rfc826.txt
Messaging Layer Security (MLS),,https://messaginglayersecurity.rocks/,logos/fb9d69c166a7fc2fe3b922d86529fc6083df76988c1cf13a29f3c7119c87f43e.png,,,,,graduated,"sicherheit,kurznachricht,datenuebertragung",,,MLS dient der Ende-zu-Ende-Verschlüsselung von Nachrichten in kleinen und großen Gruppen.,,,,,,,,,,,, Infrastruktur, Transport,true,,,,,,,,,,,,2016-01-01,2016-01-01,2025-04-22,,,,,,,,2025-11-11,https://github.com/mlswg/mls-protocol
Milvus,,https://milvus.io/de,logos/bd8ea4b17eef285945757be4dc88672ba88d92c7e1ce9f1294c9fd625f06c3ca.png,,,,,graduated,"datenbank,vektor",,,Milvus ist eine Vektor-Datenbank.,,,,,,,,,,,, Plattform, Daten,true,,,,,,,,,,,,2019-10-21,2019-10-21,2025-10-10,,,,,,,,2025-11-11,https://milvus.io/docs/de
MLflow,,https://mlflow.org/,logos/0b623c47e9b524a99aa71764acb8afa9786acee9f662655974d95e64fb2df6a6.png,,,,,graduated,"machine-learning,verarbeitung",,,"MLflow ist eine Open-Source-Plattform für das Management des gesamten Machine Learning-Lifecycles, die von Databricks entwickelt wurde und Experiment-Tracking, Modellverpackung, Deployment und eine zentrale Modellregistrierung vereint. Die Plattform ermöglicht es Data Scientists und ML-Engineers, Experimente zu verfolgen, Parameter und Metriken zu protokollieren, Modelle zu versionieren und sie konsistent über verschiedene Umgebungen hinweg zu deployen. MLflow unterstützt alle gängigen ML-Frameworks und Sprachen (Python, R, Java) sowie GenAI-Anwendungen mit LLM-Tracing und Prompt-Management.",,,,,,,,,,,, Plattform, KI,true,,,,,,,,,,,,2018-06-27,2018-06-27,2025-09-17,,,,,,,,2025-11-11,https://mlflow.org/docs/latest/
Mobilfunk,,https://www.3gpp.org/,logos/cbfb6ebae1d407076fba1a87a9df7982a3153736bd34c841674408cd828e7f01.png,,,,,graduated,"lte,funk,zelle,drahtlos",,,Der Mobilfunk wird zum Vernetzen von Mobilfunkgeräte (Smartphones) genutzt und erfolgt über die Verbindung zu Basisstationen zwecks weiterer Verteilung. Die Verbindung zum Netzwerk-Betreiber erfolgt über das Subscriber Identity Module (SIM).,,,,,,,,,,,, Infrastruktur, Anschluss,true,,,,,,,,,,,,1998-12-04,1999-10-13,2025-04-03,,,,,,,,2025-11-11,https://www.3gpp.org/specifications-technologies
Model Context Protocol (MCP),,https://modelcontextprotocol.io/,logos/485178e9ce224282d4c49955f5e21511324a41bca45e652b0f6854f473d6e02d.png,,,,,graduated,"agent,agentische-ki,kontext",,,"MCP ist ein offenes Protokoll, welches standardisiert wie Anwendungen Kontextinformationen an große Sprachmodelle liefert. MCP liefert einen standardisierten Weg um KI Modelle mit verschiedenen Datenquellen und -werkzeugen zu verbinden. MCP ermöglicht Agenten und komplexe Workflows auf Basis von großen Sprachmodellen zu bauen.  ",,,,,,,,,,,, Plattform, KI,true,,,,,,,,,,,,2024-09-24,2024-10-07,2025-06-18,,,,,,,,2025-11-11,https://modelcontextprotocol.io/specification/2025-06-18
Module Lattice Based Key Encapsulation Mechanism,,https://csrc.nist.gov/pubs/fips/203/final,logos/6319704d8728301e2d2688e9496132ecafe49b4dea802765685fcffcb6f8f473.png,,,,,graduated,"schluessel,kryptografie,post-quanten-kryptografie,verschluesselung",,,ML-KEM unterstützt bei der Generierung eines Schlüssels für symmetrische Verschlüsselungsverfahren. ML-KEM ist ein Post-Quanten-Algorithmus. ,,,,,,,,,,,, Betrieb, Sicherheit,true,,,,,,,,,,,,2016-12-20,2022-07-01,2024-08-13,,,,,,,,2025-11-11,https://www.bsi.bund.de/SharedDocs/Downloads/DE/BSI/Publikationen/TechnischeRichtlinien/TR02102/BSI-TR-02102.pdf?__blob=publicationFile
MongoDB,,https://www.mongodb.com/,logos/61256643011afe1f74a80eb5af91204826a4f48ff076403b49e02eb9c63ad09d.png,,,,,graduated,"nosql,datenbank,dokumentenbasiert",,,MongoDB ist eine dokumentenorientierte NoSQL-Datenbank.,,,,,,,,,,,, Plattform, Daten,true,,,,,,,,,,,,2007-10-01,2009-02-01,2025-09-30,,,,,,,,2025-11-11,https://github.com/mongodb
Multiprotocol Label Switching (MPLS),,https://datatracker.ietf.org/wg/mpls/documents/,logos/74f7fa4c7fe4c4340988d4837942239338e16c5370099beac695f498e74d1842.png,,,,,graduated,"netzwerk,weitverkehr",,,MPLS dient der Übertragung von Datenpaketen in einem verbindungslosen Netz. Das Verfahren zur Verteilung wird in großen Netzwerken eingesetzt.,,,,,,,,,,,, Infrastruktur, Verteilung,true,,,,,,,,,,,,2001-01-01,2001-01-01,2014-04-01,,,,,,,,2025-11-11,https://datatracker.ietf.org/doc/html/rfc6790
MySQL Server,,https://www.mysql.com/,logos/3ba183cf158b0298fe5202018c00250c23e2ce24ad4b03ddf958be6cb3039a17.png,,,,,graduated,"datenbank,sql,relational",,,MySQL ist ein relationales Datenbankmanagementsystem für die Organisation von strukturierten Daten in Tabellen. ,,,,,,,,,,,, Plattform, Daten,true,,,,,,,,,,,,1994-01-01,1995-05-01,2025-07-22,,,,,,,,2025-11-11,https://dev.mysql.com/doc/
n8n,,https://www.n8n.io,logos/90771d2503e8ec4bce4adf0ddb6d78f3671fd073eb14f010c0f51afc9b33dfa5.png,,,,,graduated,"automatisierung,open-source,no-code,api,integration",,,"n8n ist eine flexible Automatisierungsplattform mit 400+ Integrationen, die visuelles Bauen und Code kombiniert und Self-Hosting erlaubt.",,,,,,,,,,,, Plattform, LowCode,true,,,,,,,,,,,,2019-06-21,2019-06-21,2025-09-08,,,,,,,,2025-11-11,https://docs.n8n.io/
Neo4J,,https://neo4j.com/,logos/c191f9b433f69436c36f612fb1075e7373b8e142942e0fb28f19bff8a916171e.png,,,,,graduated,"nosql,datenbank,graph",,,Neo4j ist eine Graphdatenbank.,,,,,,,,,,,, Plattform, Daten,true,,,,,,,,,,,,2010-02-01,2010-02-01,2025-09-29,,,,,,,,2025-11-11,https://neo4j.com/docs/
NextJS,,https://nextjs.org/,logos/d4024e597420561a80d6316bf3b671ef9ce2507e82dc03f2c711f229c9a56a46.png,,,,,graduated,"rendering,user-interface",,,Next.js ist ein React-Framework zum Erstellen von Full-Stack-Webanwendungen. Sie verwenden React-Komponenten zum Erstellen von Benutzeroberflächen und Next.js für zusätzliche Funktionen und Optimierungen.,,,,,,,,,,,, Betrieb, Entwicklung,true,,,,,,,,,,,,2016-10-25,2016-10-25,2025-09-11,,,,,,,,2025-11-11,https://nextjs.org/docs
NGINX,,https://nginx.org/,logos/fc8806d3a905809cc6effb15b44c8d8788e94c2ec8f02ffd36064bf3f6226752.png,,,,,graduated,"proxy,load-balancer,gateway,orchestrierung",,,"NGINX ein Open-Source-Webserver der auch als Reverse-Proxy, HTTP-Cache und Load-Balancer eingesetzt wird. Er ist bekannt für seine hohe Leistung bei der Verarbeitung vieler gleichzeitiger Anfragen, seine Effizienz bei geringer Speichernutzung und seine Flexibilität. ",,,,,,,,,,,, Plattform, Integration,true,,,,,,,,,,,,2004-01-01,2011-04-12,2025-08-13,,,,,,,,2025-11-11,https://nginx.org/en/docs/index.html
Node-RED,,https://nodered.org/,logos/ac1bd92a02f0923ab8ae2b0fd3a342e47a721feb504e632c7ea7242d091a7de8.png,,,,,graduated,"no-code,javascript,low-code",,,"Node-RED ist eine Open-Source-Software, die es ermöglicht, visuell Programmierflüsse zu erstellen. Diese Software wird häufig im Bereich der Internet der Dinge (IoT) und zur Automatisierung von Prozessen eingesetzt.",,,,,,,,,,,, Plattform, LowCode,true,,,,,,,,,,,,2013-10-16,2013-10-16,2025-07-29,,,,,,,,2025-11-11,https://nodered.org/docs/developing-flows/
Nomad,,https://developer.hashicorp.com/nomad,logos/b5372a728d6415b3b874b1bebcbb8049c240e1c47cfeecf22800f9e5f0e3ed9d.png,,,,,graduated,"orchestrierung,container",,,"Nomad ist ein Open-Source-System zur Orchestrierung von Anwendungen und deren Workloads auf hybriden Umgebungen. Es ist eine flexible Lösung, die für ihre Einfachheit und Benutzerfreundlichkeit bekannt ist, da sie eine einzelne Binärdatei zur Installation und Konfiguration bietet. ",,,,,,,,,,,, Plattform, Integration,true,,,,,,,,,,,,2019-08-22,2019-08-22,2025-09-19,,,,,,,,2025-11-11,https://developer.hashicorp.com/nomad/docs
NQdrant,,https://qdrant.tech/,logos/c9a47c4d0d5d2a0895b74de7892f9f2821a85e556f17427e539be17c2df85cba.png,,,,,graduated,"datenbank,container,vektor",,,Qdrant ist eine container-basierte Vektor-Datenbank mit integrierter Ähnlichkeitssuche.,,,,,,,,,,,, Plattform, Daten,true,,,,,,,,,,,,2021-04-06,2021-04-06,2025-09-30,,,,,,,,2025-11-11,https://github.com/qdrant/qdrant
One-Time Password (OTP),,https://datatracker.ietf.org/doc/html/rfc6238,logos/fcf785b27fa6f780b9c310f925aa0a0339cd046fd5a56946fcaa1b4c22f8cc4d.png,,,,,graduated,"mfa,fa,multi-faktor,passwort,zugriff",,,"OTP liefert ein temporäres automatisch generiertes Passwort zur Identifikation eines Nutzer für eine einzelne Transaktion oder Sitzung. Das temporäre Passwort kann über verschiedenen Kanäle ausgebracht werden (SMS, App, Mail).",,,,,,,,,,,, Betrieb, Sicherheit,true,,,,,,,,,,,,1998-02-01,1998-02-01,2011-05-01,,,,,,,,2025-11-11,https://datatracker.ietf.org/doc/html/rfc2289
Open Archives Initiative Protocol for Metadata Harvesting,,https://www.openarchives.org/pmh/,logos/69c4c9294115b38af57a5062c178fe8a57bd2ed109bd909e38a43a7d8a469701.png,,,,,graduated,"datenkatalog,metadaten",,,OAI-PMH ist ein leichtgewichtiges Protokoll für Metadaten.,,,,,,,,,,,, Plattform, Daten,true,,,,,,,,,,,,2001-07-02,2001-07-02,2015-01-08,,,,,,,,,
Open Authorization (OAuth),,https://oauth.net/2/,logos/456a0e2d7dce027258e96e7e7569e09737e38ecdf13bb4b4ed5d5251fc375430.png,,,,,graduated,"protokoll,zugriff,autorisierung",,,Ermöglicht sichere Autorisierung und delegierten Zugriff auf Ressourcen ohne Preisgabe von Benutzeranmeldedaten. Fungiert als standardisiertes Framework für die Berechtigung von Drittanbieter-Anwendungen zum Zugriff auf geschützte APIs und Benutzerdaten.,,,,,,,,,,,, Betrieb, Sicherheit,true,,,,,,,,,,,,2006-11-01,2007-10-01,2012-10-01,,,,,,,,2025-11-11,https://datatracker.ietf.org/doc/html/rfc6750
Open ID Connect (OIDC),,https://openid.net/developers/how-connect-works/,logos/075ec15d5eb524650a5b0cde0219729da0fefa27f6b66f107df935a646cace03.png,,,,,graduated,"authentifizierung,protokoll,zugriff",,,"OIDC erweitert OAuth 2.0 um standardisierte Authentifizierung und Identitätsverwaltung durch ID Tokens, ermöglicht einheitliche Benutzeranmeldung über verschiedene Anwendungen hinweg und stellt strukturierte Identitätsinformationen in einem interoperablen Format bereit.",,,,,,,,,,,, Betrieb, Sicherheit,true,,,,,,,,,,,,2014-02-26,2014-02-26,2023-12-15,,,,,,,,2025-11-11,https://openid.net/specs/openid-connect-core-1_0.html#:~:text=Final:%20OpenID%20Connect%20Core%201.0%20incorporating%20errata%20set%202
Open Internet Exchange Point (IXP OIX-1),,https://www.oix.org/standards-and-certifications/ixp-oix-1-certification/,logos/9e0b5cc1273842618ccafdedb54a52ba291dad51d8f38805602847d6eab1bace.png,,,,,graduated,"netz,netzwerk,internet-exchange-point,ixp",,,"IXP OIX-1 ist eine Zertifizierung für Internet-Knotenpunkte (IXPs) für die Sicherstellung verschiedener Standards zu Leistungsfähigkeit, Verfügbarkeit, Ausfallsicherheit und Datensicherheit. Ein IXP verbindet Internetdienstanbieter (ISPs) und Content-Netzwerke (CDNs) um den Datenverkehr zu optimieren.",,,,,,,,,,,, Infrastruktur, Verteilung,true,,,,,,,,,,,,2018-11-07,2018-11-07,2025-06-16,,,,,,,,2025-11-11,https://www.oix.org/
Open Neural Network Exchange,,https://onnx.ai/,logos/7e5a308c1b464d60c4869afeb64482b09eda8a5d6e1ee429bc2c915d56ed5174.png,,,,,graduated,"machine-learning,neuronale-netze,verarbeitung,ml",,,"ONNX ist ein offener Standard zur Darstellung von Machine Learning-Modellen, der die Interoperabilität zwischen verschiedenen AI-Frameworks ermöglicht. Der Standard definiert ein erweiterbares Berechnungsmodell sowie Standard-Datentypen und Operatoren, wodurch Modelle zwischen Frameworks wie PyTorch, TensorFlow, scikit-learn und anderen portiert werden können. ONNX fungiert als universelle ""Sprache"" für neuronale Netzwerke und eliminiert die Notwendigkeit komplexer Konvertierungs-Pipelines zwischen verschiedenen ML-Ökosystemen.",,,,,,,,,,,, Plattform, KI,true,,,,,,,,,,,,2017-10-10,2017-10-10,2025-08-26,,,,,,,,2025-11-11,https://github.com/onnx/onnx
Open Shortest Path First (OSPF),,https://datatracker.ietf.org/wg/ospf/about/,logos/9c179e212c97be975203a6140d863bc9ed0181f4267f77e6f1ea6afe160c68c1.png,,,,,graduated,"netzwerk,routing",,,"OSPF ist ein Link-State-Routing-Protokoll, das in IP-Netzwerken zur automatischen Berechnung der optimalen Routen zwischen Netzwerkknoten verwendet wird. Es ermöglicht Routern, dynamisch die kürzesten Pfade durch ein Netzwerk zu finden und sich automatisch an Netzwerkänderungen anzupassen. OSPF arbeitet hierarchisch mit Areas und eignet sich besonders für große Unternehmensnetzwerke.",,,,,,,,,,,, Infrastruktur, Verteilung,true,,,,,,,,,,,,1988-01-01,1991-07-01,2018-04-01,,,,,,,,2025-11-11,https://datatracker.ietf.org/doc/html/rfc8362
OpenAPI,,https://www.openapis.org/,logos/7499be3161fbfa2b9638a39719d23554cb342fb747bb1d793a44c354e948b284.png,,,,,graduated,"rest,api,schnittstelle,rpc",,,"OpenAPI ist eine herstellerunabhängige Spezifikation zur Beschreibung von RESTful APIs. Sie ermöglicht eine standardisierte, maschinen- und menschenlesbare Beschreibung von Schnittstellen (inklusive Endpunkte, Operationen, Datenstrukturen). Die Spezifikation entstand aus dem früheren Projekt Swagger und wird heute unter der Schirmherrschaft der OpenAPI-Initiative weiterentwickelt. ",,,,,,,,,,,, Plattform, Integration,true,,,,,,,,,,,,2016-01-01,2017-03-01,2025-09-19,,,,,,,,2025-11-11,https://github.com/OAI/OpenAPI-Specification
OpenKruise,,https://openkruise.io/,logos/0aa71c298993f8659e9012db27251e40f6cbdbb37bc80427cda14e0a562d7730.png,,,,,graduated,"pipeline,cd,bereitstellung,ci",,,"OpenKruise ist eine Open-Source-Anwendungssuite, die Kubernetes um Funktionen für das Management von großen Anwendungen erweitert. Als ein Projekt der Cloud Native Computing Foundation (CNCF) bietet OpenKruise Funktionen für die Automatisierung von Deployment, Upgrades und Betrieb von Anwendungen. ",,,,,,,,,,,, Betrieb, Inbetriebnahme,true,,,,,,,,,,,,2019-06-17,2019-06-17,2025-07-22,,,,,,,,2025-11-11,https://github.com/openkruise/kruise
OpenShift Origin (OKD),,http://www.openshift.org/,logos/f95312954bba333ed4f44897574a3bfbf25abd1ac4e080b2e8fbda6ed103a46b.png,,,,,graduated,"orchestrierung,container",,,"OpenShift ist eine Kubernetes-basierte Plattform von Red Hat für die Entwicklung und Bereitstellung von Cloud-nativen Anwendungen, die eine einheitliche Basis für Hybrid-Cloud-, Multi-Cloud- und Edge-Umgebungen bietet und den gesamten Lebenszyklus von Anwendunen unterstützt. OKD ist die Community Version von OpenShift welche 2018 abgeleitet wurde.",,,,,,,,,,,, Plattform, Integration,true,,,,,,,,,,,,2015-06-19,2015-06-19,2025-09-23,,,,,,,,2025-11-11,https://okd.io/docs/documentation/
PHP,,https://www.php.net/,logos/c6dd72a5e8197755964f5fdec7b7ac5354962772379a5a9cb0bf0e16bb2c7006.png,,,,,graduated,"programmierung,sprache",,,PHP dient der serverseitigen Entwicklung von dynamischen Webseiten und Anwendungen.,,,,,,,,,,,, Betrieb, Entwicklung,true,,,,,,,,,,,,1995-06-08,1995-06-08,2025-09-25,,,,,,,,2025-11-11,https://www.php.net/docs.php
Piveau,,https://www.piveau.de/,logos/3a6d1663ff587d9b0482d9410793ec2851c1098ff19f4157ef937a9a14c81065.png,,,,,graduated,"aggregation,datennutzung,bereitstellung,erfassung,datenkonvertierung",,,"Piveau ist ein Datenmanagement Werkzeug für die Verarbeitungskette von der Erfassung, Aggregation, Bereitstellung bis zur Nutzung der Daten.",,,,,,,,,,,, Plattform, Daten,true,,,,,,,,,,,,2023-04-28,2023-04-28,2025-09-25,,,,,,,,2025-11-11,https://interoperable-europe.ec.europa.eu/collection/open-data/solution/piveau
Portainer,,https://www.portainer.io/,logos/26a4cb97f4060f6efc84f4660edf8e33c51c2b7889d2d7299ee90144aeb83803.png,,,,,graduated,orchestrierung,,,"Portainer ist eine benutzerfreundliche, webbasierte Management-Plattform für Container, die es ermöglicht, Docker- und Kubernetes-Umgebungen mit einer einfachen Oberfläche zu verwalten und zu überwachen. ",,,,,,,,,,,, Plattform, Integration,true,,,,,,,,,,,,2016-06-02,2016-06-02,2025-09-25,,,,,,,,2025-11-11,https://github.com/portainer
PostgreSQL,,https://www.postgresql.org/,logos/ff92fb5d12a7fa6b23c2eb403d2edf4fbc58ced802021e1f02c3583cb70957be.png,,,,,graduated,"open-source,datenbank,sql,relational",,,"PostgreSQL ist ein objektrelationales Datenbankmanagementsystem (ORDBMS), das für seine Einhaltung von SQL-Standards, seine Erweiterbarkeit und seine Zuverlässigkeit bekannt ist. Es wird häufig in Anwendungen eingesetzt, die komplexe Transaktionen und große Datenmengen verarbeiten.",,,,,,,,,,,, Plattform, Daten,true,,,,,,,,,,,,1989-06-01,1996-07-08,2025-08-14,,,,,,,,,
PromptFlow,,https://microsoft.github.io/promptflow/,logos/f8956132eb8e50d506a860e14507134bf0756ef8d1b1f1196f7f5e929160ef36.png,,,,,graduated,"entwicklung,verarbeitung",,,PromptFlow ist ein Framework von Entwicklungswerkzeugen für KI-Anwendungen von der Ideenfindung bis zum Monitoring. ,,,,,,,,,,,, Plattform, KI,true,,,,,,,,,,,,2023-08-09,2023-08-09,2025-01-09,,,,,,,,2025-11-11,https://github.com/microsoft/promptflow
Pyro,,https://pyro.ai/,logos/edeafd8654186b9a6f1a34f8ad10c8a5d085908a2be4a8e1312a75d4c40dfc43.png,,,,,graduated,"deep-learning,verarbeitung,probabilistische-programmierung,ppl",,,"Pyro ist eine universelle probabilistische Programmiersprache (PPL) basierend auf PyTorch, die tiefes probabilistisches Modellieren für AI-Forschung ermöglicht. Sie vereint moderne Deep Learning-Ansätze mit Bayesianischer Modellierung und bietet flexible, skalierbare Inferenzalgorithmen.",,,,,,,,,,,, Plattform, KI,true,,,,,,,,,,,,2017-11-03,2017-11-03,2024-06-02,,,,,,,,2025-11-11,https://docs.pyro.ai/en/stable/
Python,,https://www.python.org/,logos/e5eff4271fad17114293879fcf7dd553cde92476d052a5ac9d6faec1e4799e9f.png,,,,,graduated,"programmierung,sprache",,,Python ist eine Programmiersprache zur Webentwicklung und für Prototyping.,,,,,,,,,,,, Betrieb, Entwicklung,true,,,,,,,,,,,,1991-02-20,1991-02-20,2025-10-07,,,,,,,,2025-11-11,https://docs.python.org/3/
PyTorch,,https://pytorch.org/,logos/f818a73508cc776103a0562ecf5a16138cadb5c76843d33ebca4b37900554318.png,,,,,graduated,"deep-learning,neuronale-netze,verarbeitung,nlp,machine-learning",,,"PyTorch ist eine Bibliothek für maschinelles Lernen, Deep Learning und Natural Language Processing.  ",,,,,,,,,,,, Plattform, KI,true,,,,,,,,,,,,2016-09-01,2016-09-01,2025-08-06,,,,,,,,2025-11-11,https://docs.pytorch.org/docs/stable/index.html
Quick UDP Internet Connections (QUIC),,https://quicwg.org/,logos/846035de70224ae0c990ceeaf0b03779d6ba37ebf382395ad54fe6518cfd5b02.png,,,,,graduated,"sicherheit,datenuebertragung",,,"QUIC ist ein verbindungsorientiertes, performantes und verschlüsseltes Protokoll für die Datenübertragung.",,,,,,,,,,,, Infrastruktur, Transport,true,,,,,,,,,,,,2016-07-20,2021-05-01,2023-05-01,,,,,,,,2025-11-11,https://github.com/quicwg
R,,https://www.r-project.org/,logos/78b4fc7952f18bcdd48077dd52bb7eb5aa07141828ec743b9528445c47771582.png,,,,,graduated,"programmierung,sprache",,,"R ist eine Programmiersprache Analyse, Bereinigung, Modellierung und Visualisierung von Daten.",,,,,,,,,,,, Betrieb, Entwicklung,true,,,,,,,,,,,,1992-01-01,1993-08-01,2025-06-13,,,,,,,,,
RAGFlow,,https://ragflow.io/,logos/9bffc55ba871d69df376f299767c3c3734cef17c05da8c339a8a9de3868d9aad.png,,,,,graduated,"retrieval-augmented-generation,rag,verarbeitung",,,RAGFlow wird als Engine für Retrieval-Augmented Generation (RAG) eingesetzt um Ergebnisse anhand von Kontext zu verbessern beziehungsweise die Wissensbasis zu erweitern.,,,,,,,,,,,, Plattform, KI,true,,,,,,,,,,,,2023-12-12,2024-04-15,2025-09-10,,,,,,,,2025-11-11,https://ragflow.io/docs/dev/
Rancher,,https://www.rancher.com/,logos/386d8e1beb984d1ad08e06750aad0fb93fba7865f8fb6a96fdc7af89267b76d9.png,,,,,graduated,"orchestrierung,container",,,Rancher ist eine Open-Source-Plattform zur Verwaltung und Bereitstellung mehrerer Kubernetes-Cluster und Container-Anwendungen. Es bietet eine einfache Benutzeroberfläche. ,,,,,,,,,,,, Plattform, Integration,true,,,,,,,,,,,,2019-12-04,2019-12-04,2025-09-26,,,,,,,,2025-11-11,https://github.com/rancher/rancher
React,,https://react.dev/,logos/941d83aa71a303c0de8487467ed2a01473fc6c50103e8004f2ebfbb8c90c33d8.png,,,,,graduated,"webdesign,components,user-interface",,,"Mit React können Sie Benutzeroberflächen aus einzelnen Teilen, sogenannten Komponenten, erstellen. Kombinieren Sie diese dann zu ganzen Webseiten und Apps.",,,,,,,,,,,, Betrieb, Entwicklung,true,,,,,,,,,,,,2013-05-01,2013-07-02,2025-07-28,,,,,,,,2025-11-11,https://react.dev/learn
Representational State Transfer,,https://www.ics.uci.edu/~fielding/pubs/dissertation/rest_arch_style.htm,logos/8fefa273a8833cc0268ea8fbef1e655de183dd376fed3452e114d3809df27d61.png,,,,,graduated,schnittstelle,,,"REST ist ein Architekturstil für verteilte Systeme, der 2000 von Roy Fielding definiert wurde. REST basiert auf den etablierten Web-Standards HTTP, URI und JSON und ermöglicht eine einfache, skalierbare Kommunikation zwischen verschiedenen Systemen über das Internet. REST Schnittstellen folgen einem ressourcenorientierten Ansatz mit einheitlichen Schnittstellen und sind zustandslos konzipiert.",,,,,,,,,,,, Plattform, Integration,true,,,,,,,,,,,,2000-01-01,2000-01-01,2000-01-01,,,,,,,,,
Resource Description Framework (RDF),,https://www.w3.org/RDF/,logos/fe0c91c346fd5059386ac912370d136192cf008de8a0c9ca6ed620c79c4b392a.png,,,,,graduated,datenformat,,,RDF ist ein Datenformat für den Datenaustausch.,,,,,,,,,,,, Plattform, Daten,true,,,,,,,,,,,,1997-08-01,1999-02-22,2014-02-25,,,,,,,,2025-11-11,https://www.w3.org/standards/techs/rdf
Rivest–Shamir–Adleman,,https://csrc.nist.gov/projects/digital-signatures,logos/239a2e2e2fe32f2a798dbca63e97dc6873c578aea06b0d90aa3b0942d1a921c3.png,,,,,graduated,"asymmetrisch,pki,schluessel,kryptografie,algorithmus,verschluesselung",,,RSA ist ein asymmetrisches kryptographisches Verfahren für das Verschlüsseln und Signieren auf Basis des Faktorisierungsproblems. Es wird eine Schlüssellänge von mindestens 3000 empfohlen.,,,,,,,,,,,, Betrieb, Sicherheit,true,,,,,,,,,,,,1976-11-06,1977-01-01,1977-01-01,,,,,,,,2025-11-11,https://www.bsi.bund.de/SharedDocs/Downloads/DE/BSI/Publikationen/TechnischeRichtlinien/TR02102/BSI-TR-02102.pdf?__blob=publicationFile
Robot Framework,,https://robotframework.org/,logos/67cfd8fcf111af4639bb16534adc104bfe555fcfbe17601e0dd32961d1b92bb6.png,,,,,graduated,"robot-process-automation,verarbeitung,rpa",,,Robot Framework ist ein Framework für Automatisierung von Tests und im Rahmen von Robot Process Automation. Genutzt wird eine prozedurale Skriptsprache.,,,,,,,,,,,, Plattform, KI,true,,,,,,,,,,,,2004-01-01,2014-10-07,2025-07-04,,,,,,,,2025-11-11,https://docs.robotframework.org/docs
Rust,,https://rust-lang.org/,logos/83c38ca14d64d7d92b925998e6fd9f66abb07767239dfe9fdc6a178e796b9ae6.png,,,,,graduated,"programmierung,sprache",,,Rust ist eine systemnahe Programmiersprache. Rust arbeitet mit Typen statt einer Garbage Collection um Speichermanagement zu verbessern. ,,,,,,,,,,,, Betrieb, Entwicklung,true,,,,,,,,,,,,2020-09-10,2020-09-10,2025-09-18,,,,,,,,2025-11-11,https://rust-lang.org/learn/
Scylla,,https://www.scylladb.com/,logos/ee7229c440098c50604965796c9dfaa2bbfd5e237ccb007bc24962185bd21736.png,,,,,graduated,"nosql,datenbank,spalten",,,Scylla ist eine spaltenorientierte NoSQL Datenbank.,,,,,,,,,,,, Plattform, Daten,true,,,,,,,,,,,,2014-12-01,2015-09-01,2024-09-24,,,,,,,,2025-11-11,https://github.com/scylladb
SD-WAN Service Attributes and Service Framework (MEF),,https://www.mplify.net/resources/mef-70-2-sd-wan-service-attributes-and-service-framework/,logos/f7a16e544d053e463d16904b12334512e86b014f7d45b62cbff1156e42ed4d98.png,,,,,graduated,"netz,sd-wan,netzwerk,wide-area,wan",,,MEF definiert SD-WAN Services und Attribute. SD-WAN ist eine Technologie zur Verbindung weit entfernter Netzwerksegemente über verschiedene Anschlusstypen/ Medien.,,,,,,,,,,,, Infrastruktur, Verteilung,true,,,,,,,,,,,,2010-01-01,2014-01-01,2023-10-01,,,,,,,,2025-11-11,https://www.mplify.net/service-standards/overlay-services/sd-wan/
Secure Hash Algorithm,,https://csrc.nist.gov/projects/hash-functions,logos/e694fd382ec52076c56eef157bfe3e361b202a1839f3d2d4a056abe2b2f6a8de.png,,,,,graduated,"schluessel,integritaet,manipulation,pruefwert",,,SHA wandelt Daten in einen eindeutigen Prüfwert um. Der Prüfwert kann zu Sicherstellung der Integrität genutzt werden (digitaler Fingerabdruck).,,,,,,,,,,,, Betrieb, Sicherheit,true,,,,,,,,,,,,1993-01-01,2011-01-01,2015-08-05,,,,,,,,2025-11-11,https://www.bsi.bund.de/SharedDocs/Downloads/DE/BSI/Publikationen/TechnischeRichtlinien/TR02102/BSI-TR-02102.pdf?__blob=publicationFile
Segment Routing (SR),,https://datatracker.ietf.org/doc/html/rfc8402,logos/571057fb368f948ffc5295f16685177cbd8148557d33bcf24628cac426f848f0.png,,,,,graduated,"netz,netzwerk,segment,routing",,,Segment Routing ist eine Technologie zur Vereinfachung des Routens von Daten. Zur Optimierung werden Pfadinformationen im Header gespeichert.,,,,,,,,,,,, Infrastruktur, Verteilung,true,,,,,,,,,,,,2013-01-01,2018-07-01,2018-07-01,,,,,,,,,
Selenium,,https://www.selenium.dev/,logos/a7407278612de9b8fb2a26037213908c8ebb54c4d6d95e8a0f34045088b0ebcf.png,,,,,graduated,"automation,testing,user-interface",,,"Selenium ist ein Open‑Source‑Projekt, das Entwicklern und Testern ermöglicht, Web‑Browser automatisch zu steuern. Mit Selenium können wiederkehrende Aufgaben – etwa das Öffnen einer Webseite, das Ausfüllen von Formularen, das Klicken auf Buttons oder das Prüfen von Inhalten – programmgesteuert durchgeführt werden. Der Hauptzweck liegt darin, funktionale Tests von Web‑Anwendungen zu automatisieren, sodass die Qualität der Software zuverlässig und effizient überprüft werden kann, ohne dass jede Testschritt manuell ausgeführt werden muss. Durch die Unterstützung verschiedener Browser (wie Chrome, Firefox, Edge und Safari) und Programmiersprachen (z. B. Java, Python, C#) lässt sich Selenium flexibel in bestehende Entwicklungs‑ und Continuous‑Integration‑Umgebungen integrieren.",,,,,,,,,,,, Betrieb, Entwicklung,true,,,,,,,,,,,,2004-08-01,2004-10-09,2025-10-02,,,,,,,,2025-11-11,https://www.selenium.dev/documentation/
Session Initiation Protocol (SIP),,https://datatracker.ietf.org/wg/sipcore/about/,logos/2b4c30fd71bf366a8b6badbdc405483d0a5c8d1d7fc596d68e62418d415f748d.png,,,,,graduated,"telefonie,kommunikation",,,SIP ist ein Netzprotokoll zur Etablierung und Steuerung von Kommunikationssitzungen mit mehreren Teilnehmenden. SIP ist Grundlage für IP-Telefonie (Voice over IP). ,,,,,,,,,,,, Infrastruktur, Transport,true,,,,,,,,,,,,1996-01-01,1999-03-01,2007-06-01,,,,,,,,2025-11-11,https://github.com/ietf-wg-sipcore
Simple Mail Transfer Protocol Secure (SMTPS),,https://datatracker.ietf.org/doc/html/rfc8314,logos/0989f57d36ab6834b9db46f90315a0bec2f5b63bf4cb0960f51f67754abc9748.png,,,,,graduated,"msa,e-mail,mta,datenuebertragung,mua",,,SMTPS dient dem sicheren Austausch von E-Mails.,,,,,,,,,,,, Infrastruktur, Transport,true,,,,,,,,,,,,1980-09-01,1982-08-01,2018-01-01,,,,,,,,,
Simple Object Access Protocol,,https://www.w3.org/TR/soap/,logos/932a5d4e85f19fc342bd4dc8c6ed1b2c23c0f45fbe9559a62844abd0587cb49d.png,,,,,graduated,"api,xml,schnittstelle",,,"SOAP ist ein Protokoll, das den Austausch von strukturierten Informationen in verteilten und dezentralisierten Umgebungen ermöglicht. Es nutzt XML als Format für Anfragen und Antworten und arbeitet oft über HTTP, kann aber auch andere Protokolle nutzen. Der Hauptzweck von SOAP liegt in der Unterstützung von Interoperabilität und Sicherheit in komplexen Unternehmensanwendungen, wobei es strikt definierten Standards für Webservices folgt.",,,,,,,,,,,, Plattform, Integration,true,,,,,,,,,,,,1999-01-01,2000-05-08,2007-04-27,,,,,,,,2025-11-11,https://www.w3.org/2000/xp/Group/
spaCy,,https://spacy.io/usage,logos/3a7a3cb2a1d5987a820e0b9bc2e4e490000ddeb3a1fdf7a5e0e5e7caae15f256.png,,,,,graduated,"dl,verarbeitung,nlp",,,"spaCy ist eine Python-Bibliothek für Natural Language Processing. Sie bietet Informationsextraktion, Textanalyse und Vorverarbeitung für Deep Learning. Die Bibliothek bietet gebrauchsfertige Modelle sowie die Möglichkeit zum Training eigener Modelle. ",,,,,,,,,,,, Plattform, KI,true,,,,,,,,,,,,2015-01-01,2016-10-19,2025-05-23,,,,,,,,2025-11-11,https://v2.spacy.io/
Spinnaker,,https://spinnaker.io/,logos/dac742d7124ea0c3cea5a726e821637f07ee7749d7e2148a6e8f159fae982197.png,,,,,graduated,"pipeline,cd,bereitstellung,ci",,,Spinnaker ist eine quelloffene Continuous-Delivery-(CD)-Plattform. Sie konzentriert sich auf die schnelle und sichere Bereitstellung von Softwareänderungen. ,,,,,,,,,,,, Betrieb, Inbetriebnahme,true,,,,,,,,,,,,2025-04-19,2025-04-19,2025-09-24,,,,,,,,2025-11-11,https://github.com/spinnaker/spinnaker
Swift,,https://www.swift.org/,logos/d2461fcfb016d21d5f1ed56d9637f5b2df7d112355cfc0a9d8ecb7e0587a3966.png,,,,,graduated,"multi-plattform,programmierung,sprache",,,Swift dient für die Entwicklung von Apps für Apple-Geräte. ,,,,,,,,,,,, Betrieb, Entwicklung,true,,,,,,,,,,,,2010-07-01,2014-09-09,2025-09-29,,,,,,,,2025-11-11,https://www.swift.org/documentation/
TensorFlow,,https://www.tensorflow.org/,logos/50f89a28952b1af3c87ee9eef483ecbc89c1c3653903047bb4ae7bf1596a670c.png,,,,,graduated,"machine-learning,inferenz,verarbeitung,training",,,TensorFlow ist eine Bibliothek für maschinelles Lernen und Künstliche Intelligen. Es wird insbesondere für Training und Inferenz von neuronalen Netzen eingesetzt.,,,,,,,,,,,, Plattform, KI,true,,,,,,,,,,,,2015-01-09,2016-02-17,2025-08-13,,,,,,,,2025-11-11,https://github.com/tensorflow/serving
Traefik,,https://traefik.io/traefik,logos/945f062daf8952e8af67bd4d3c6db67c5ea8f42489153f025dd45d69d2d796a9.png,,,,,graduated,"proxy,load-balancer,orchestrierung",,,"Traefik ist ein moderner, Cloud-nativer Open-Source-Reverse-Proxy und Load Balancer. Er integriert sich dynamisch in bestehende Infrastrukturen wie Docker und Kubernetes, verwaltet eingehenden Traffic und leitet ihn an die richtigen Dienste weiter. ",,,,,,,,,,,, Plattform, Integration,true,,,,,,,,,,,,2015-10-08,2015-10-08,2025-09-26,,,,,,,,2025-11-11,https://github.com/traefik/traefik
Transmission Control Protocol (TCP),,https://datatracker.ietf.org/doc/html/rfc9293,logos/f3cd04299a4bde9e0acc7cbba2d28910adbd335a83db966757b1ea1b49f0706c.png,,,,,graduated,"paket,datenuebertragung,zustellung,datenintegritaet",,,TCP ist in Verbindung mit IP Kern für die Funktionsfähigkeit des Internet. Die Datenübertragung erfolgt durch Zerlegung in einzelne Pakete inklusive der Sicherstellung der Übermittlung. ,,,,,,,,,,,, Infrastruktur, Transport,true,,,,,,,,,,,,1981-09-01,1981-09-01,2022-08-01,,,,,,,,,
Transport Layer Security (TLS),,https://datatracker.ietf.org/wg/tls/documents/,logos/e4eee8dc13049e71f793a6f7faba077e563a9477b486108396cec12811cad439.png,,,,,graduated,"ssl,sicherheit,sdns,datenuebertragung",,,"TLS dient der Verschlüsselung der Datenübertragung. TLS besteht aus dem Austausch von Schlüsseln, der Authentifizierung und der Realisierung der sicheren Datenübertragung. ",,,,,,,,,,,, Infrastruktur, Transport,true,,,,,,,,,,,,1986-08-01,1994-07-01,2018-08-01,,,,,,,,2025-11-11,https://datatracker.ietf.org/doc/html/rfc8446
TypeScript,,https://www.typescriptlang.org/,logos/df1fde8caf51c90363b196965d550785e2efa7d3709ff8decfbde26442dd51cf.png,,,,,graduated,"programmierung,sprache",,,TypeScript ist eine Programmiersprache die JavaScript um statische Typisierung erweitert. ,,,,,,,,,,,, Betrieb, Entwicklung,true,,,,,,,,,,,,2012-01-01,2014-10-07,2025-10-01,,,,,,,,2025-11-11,https://www.typescriptlang.org/docs/handbook/intro.html
User Datagram Protocol (UDP),,https://datatracker.ietf.org/doc/html/rfc768,logos/0b518316f9224dcc0a5182f335d46aa662580acb09fc641028b4c73425a2aa5e.png,,,,,graduated,"datenuebertragung,echtzeit",,,UDP ist ein einfaches Datenübertragungsprotokoll ohne Zusatzfunktionen. ,,,,,,,,,,,, Infrastruktur, Transport,true,,,,,,,,,,,,1980-08-28,1980-08-28,1980-08-28,,,,,,,,,
WebKit,,https://webkit.org/,logos/51ccaeb506d23f450e7ac3a7508ee24f96a2d29c9e831524a233d8f461e59826.png,,,,,graduated,"webseite,browser-engine,rendern",,,WebKit ist eine Browser-Engine zum Rendern von Webseiten. Es wird insbesondere von Apple für Safari genutzt. ,,,,,,,,,,,, Zugang, Browser,true,,,,,,,,,,,,2001-08-24,2005-06-07,2025-09-17,,,,,,,,2025-11-11,https://github.com/WebKit/WebKit
WiFi,,https://www.wi-fi.org/,logos/5f26563a33e2d527af40fa7db14fa80083f53e12e5143265cbc85a416f286bed.png,,,,,graduated,"funk,hotspot,tethering,drahtlos",,,"Mit Wireless LAN können in kleiner bis mittlerer Reichweite Endgeräte vernetzt werden (Ad-hoc, via Basisstation/ Access Point oder als Mesh). Die IEEE standardisiert die Technologie mit IEEE 802.11 ff. Die Konfiguration erfolgt durch SSID und Passwort. Wi-Fi dient als Kennzeichen für zertifizierte Produkte zur Sicherstellung von Interoperabilität. ",,,,,,,,,,,, Infrastruktur, Anschluss,true,,,,,,,,,,,,1999-06-20,2018-10-01,2024-01-09,,,,,,,,2025-11-11,https://ieeexplore.ieee.org/browse/standards/get-program/page/series?id=68
YAML Ain't Markup Language,,https://yaml.org/,logos/1d30ee4863b90467223004c9223dacfed1d230fa5c6e307670fe6c3df5bbc9ca.png,,,,,graduated,datenformat,,,YAML ist ein Datenformat für den Datenaustausch.,,,,,,,,,,,, Plattform, Daten,true,,,,,,,,,,,,2001-05-11,2004-01-29,2021-10-01,,,,,,,,2025-11-11,https://github.com/yaml/
